<?xml version="1.0"?>

<beans
	xsi:schemaLocation=" http://www.springframework.org/schema/beans 
   http://www.springframework.org/schema/beans/spring-beans.xsd 
   http://www.springframework.org/schema/context 
    http://www.springframework.org/schema/context/spring-context.xsd 
     http://www.springframework.org/schema/tx http://www.springframework.org/schema/tx/spring-tx.xsd"
	xmlns:tx="http://www.springframework.org/schema/tx" xmlns:p="http://www.springframework.org/schema/p"
	xmlns:context="http://www.springframework.org/schema/context"
	xmlns:aop="http://www.springframework.org/schema/aop" xmlns:xsi="http://www.w3.org/2001/XMLSchema-instance"
	xmlns="http://www.springframework.org/schema/beans">

	<tx:annotation-driven transaction-manager="transactionManager" />


	<bean class="org.springframework.orm.hibernate4.LocalSessionFactoryBean"
		id="sessionFactory">

		<property ref="dataSource" name="dataSource" />


		<property name="hibernateProperties">


			<props>

				<prop key="hibernate.dialect">org.hibernate.dialect.H2Dialect</prop>

				<prop key="hibernate.current_session_context_class">thread</prop>

				<prop key="hibernate.hbm2ddl.auto">update</prop>

				<prop key="hibernate.show_sql">true</prop>

			</props>

		</property>


		<property name="annotatedClasses">


			<list>

				<value>com.niit.jshop.model.ProductModel</value>

				<value>com.niit.jshop.model.UserDetails</value>
                 <value>com.niit.jshop.model.CategoryModel</value>
                 <value>com.niit.jshop.model.SupplierModel</value>
			</list>

		</property>

	</bean>
	
	<context:component-scan base-package="niit.com.jshop.controller" />

	<context:component-scan base-package="niit.com.jshop.dao" />

	<context:component-scan base-package="niit.com.jshop.model" />

	<context:component-scan base-package="niit.com.jshop.service" />


	<bean class="org.apache.commons.dbcp.BasicDataSource" id="dataSource">

		<property name="driverClassName" value="org.h2.Driver" />

		<property name="url" value="jdbc:h2:tcp://localhost/~/test" />

		<property name="username" value="sa" />

		<property name="password" value="sa" />

	</bean>

</beans>